-- phpMyAdmin SQL Dump
-- version 5.2.1
-- https://www.phpmyadmin.net/
--
-- Servidor: 127.0.0.1
-- Tiempo de generación: 23-05-2024 a las 09:01:15
-- Versión del servidor: 10.4.32-MariaDB
-- Versión de PHP: 8.2.12

SET SQL_MODE = "NO_AUTO_VALUE_ON_ZERO";
START TRANSACTION;
SET time_zone = "+00:00";


/*!40101 SET @OLD_CHARACTER_SET_CLIENT=@@CHARACTER_SET_CLIENT */;
/*!40101 SET @OLD_CHARACTER_SET_RESULTS=@@CHARACTER_SET_RESULTS */;
/*!40101 SET @OLD_COLLATION_CONNECTION=@@COLLATION_CONNECTION */;
/*!40101 SET NAMES utf8mb4 */;

--
-- Base de datos: `mascotas`
--

-- --------------------------------------------------------

--
-- Estructura de tabla para la tabla `categorias`
--

CREATE TABLE `categorias` (
  `id_categoria` int(11) NOT NULL,
  `tipo_categoria` varchar(32) DEFAULT NULL,
  `admin_id` int(11) DEFAULT NULL
) ENGINE=InnoDB DEFAULT CHARSET=utf8mb4 COLLATE=utf8mb4_general_ci;

--
-- Volcado de datos para la tabla `categorias`
--

INSERT INTO `categorias` (`id_categoria`, `tipo_categoria`, `admin_id`) VALUES
(3, 'liviano', 1121),
(4, 'chiquito', 1121),
(5, 'adorable', 1121);

-- --------------------------------------------------------

--
-- Estructura de tabla para la tabla `generos`
--

CREATE TABLE `generos` (
  `id_genero` int(11) NOT NULL,
  `tipo_generos` varchar(32) DEFAULT NULL,
  `admin_id` int(11) DEFAULT NULL
) ENGINE=InnoDB DEFAULT CHARSET=utf8mb4 COLLATE=utf8mb4_general_ci;

--
-- Volcado de datos para la tabla `generos`
--

INSERT INTO `generos` (`id_genero`, `tipo_generos`, `admin_id`) VALUES
(1, 'masculino', 1121),
(2, 'femenino', 1121),
(3, 'lo que caiga', 1121);

-- --------------------------------------------------------

--
-- Estructura de tabla para la tabla `mascotas`
--

CREATE TABLE `mascotas` (
  `id_mascota` int(11) NOT NULL,
  `name` varchar(20) NOT NULL,
  `fk_id_raza` int(11) NOT NULL,
  `fk_id_categoria` int(11) NOT NULL,
  `fk_id_genero` int(11) NOT NULL,
  `foto` varchar(60) NOT NULL,
  `admin_id` int(11) DEFAULT NULL
) ENGINE=InnoDB DEFAULT CHARSET=utf8mb4 COLLATE=utf8mb4_general_ci;

--
-- Volcado de datos para la tabla `mascotas`
--

INSERT INTO `mascotas` (`id_mascota`, `name`, `fk_id_raza`, `fk_id_categoria`, `fk_id_genero`, `foto`, `admin_id`) VALUES
(15, 'endyvlogs12', 2, 3, 2, 'bus-1716438042953-192359585.jpg', 1121),
(16, 'jane', 2, 4, 3, 'Bizcochuelo-1-1716356948980-791054099.jpg', 1121),
(18, 'fwfw', 2, 3, 1, 'mr-bean-1-soymotor-1716405857046-674114694.jpg', 1121),
(26, 'iphone', 5, 3, 3, '2-1716421797843-603776380.jpg', 1121);

-- --------------------------------------------------------

--
-- Estructura de tabla para la tabla `razas`
--

CREATE TABLE `razas` (
  `id_raza` int(11) NOT NULL,
  `nombre_raza` varchar(32) DEFAULT NULL,
  `admin_id` int(11) DEFAULT NULL
) ENGINE=InnoDB DEFAULT CHARSET=utf8mb4 COLLATE=utf8mb4_general_ci;

--
-- Volcado de datos para la tabla `razas`
--

INSERT INTO `razas` (`id_raza`, `nombre_raza`, `admin_id`) VALUES
(1, 'doberman', NULL),
(2, 'pitbull', 1121),
(4, 'chihuawua', 1121),
(5, 'pastor aleman', 1121);

-- --------------------------------------------------------

--
-- Estructura de tabla para la tabla `usuarios`
--

CREATE TABLE `usuarios` (
  `identificacion` int(11) NOT NULL,
  `nombre` varchar(32) NOT NULL,
  `email` varchar(32) NOT NULL,
  `password` varchar(64) NOT NULL
) ENGINE=InnoDB DEFAULT CHARSET=utf8mb4 COLLATE=utf8mb4_general_ci;

--
-- Volcado de datos para la tabla `usuarios`
--

INSERT INTO `usuarios` (`identificacion`, `nombre`, `email`, `password`) VALUES
(1121, 'daniel ', 'goku@soy.com', '$2b$10$bbk9RaHgTv17tGZtn7cVrOK.boiHG8Nde16gZwXvf5WWgWpy4P3u2');

--
-- Índices para tablas volcadas
--

--
-- Indices de la tabla `categorias`
--
ALTER TABLE `categorias`
  ADD PRIMARY KEY (`id_categoria`),
  ADD KEY `admin_id` (`admin_id`);

--
-- Indices de la tabla `generos`
--
ALTER TABLE `generos`
  ADD PRIMARY KEY (`id_genero`),
  ADD KEY `admin_id` (`admin_id`);

--
-- Indices de la tabla `mascotas`
--
ALTER TABLE `mascotas`
  ADD PRIMARY KEY (`id_mascota`),
  ADD KEY `fk_id_raza` (`fk_id_raza`),
  ADD KEY `fk_id_categoria` (`fk_id_categoria`),
  ADD KEY `fk_id_genero` (`fk_id_genero`),
  ADD KEY `admin_id` (`admin_id`);

--
-- Indices de la tabla `razas`
--
ALTER TABLE `razas`
  ADD PRIMARY KEY (`id_raza`),
  ADD KEY `admin_id` (`admin_id`);

--
-- Indices de la tabla `usuarios`
--
ALTER TABLE `usuarios`
  ADD PRIMARY KEY (`identificacion`);

--
-- AUTO_INCREMENT de las tablas volcadas
--

--
-- AUTO_INCREMENT de la tabla `categorias`
--
ALTER TABLE `categorias`
  MODIFY `id_categoria` int(11) NOT NULL AUTO_INCREMENT, AUTO_INCREMENT=6;

--
-- AUTO_INCREMENT de la tabla `generos`
--
ALTER TABLE `generos`
  MODIFY `id_genero` int(11) NOT NULL AUTO_INCREMENT, AUTO_INCREMENT=5;

--
-- AUTO_INCREMENT de la tabla `mascotas`
--
ALTER TABLE `mascotas`
  MODIFY `id_mascota` int(11) NOT NULL AUTO_INCREMENT, AUTO_INCREMENT=30;

--
-- AUTO_INCREMENT de la tabla `razas`
--
ALTER TABLE `razas`
  MODIFY `id_raza` int(11) NOT NULL AUTO_INCREMENT, AUTO_INCREMENT=6;

--
-- Restricciones para tablas volcadas
--

--
-- Filtros para la tabla `categorias`
--
ALTER TABLE `categorias`
  ADD CONSTRAINT `categorias_ibfk_1` FOREIGN KEY (`admin_id`) REFERENCES `usuarios` (`identificacion`);

--
-- Filtros para la tabla `generos`
--
ALTER TABLE `generos`
  ADD CONSTRAINT `generos_ibfk_1` FOREIGN KEY (`admin_id`) REFERENCES `usuarios` (`identificacion`);

--
-- Filtros para la tabla `mascotas`
--
ALTER TABLE `mascotas`
  ADD CONSTRAINT `mascotas_ibfk_1` FOREIGN KEY (`fk_id_raza`) REFERENCES `razas` (`id_raza`),
  ADD CONSTRAINT `mascotas_ibfk_2` FOREIGN KEY (`fk_id_categoria`) REFERENCES `categorias` (`id_categoria`),
  ADD CONSTRAINT `mascotas_ibfk_3` FOREIGN KEY (`fk_id_genero`) REFERENCES `generos` (`id_genero`),
  ADD CONSTRAINT `mascotas_ibfk_4` FOREIGN KEY (`admin_id`) REFERENCES `usuarios` (`identificacion`);

--
-- Filtros para la tabla `razas`
--
ALTER TABLE `razas`
  ADD CONSTRAINT `razas_ibfk_1` FOREIGN KEY (`admin_id`) REFERENCES `usuarios` (`identificacion`);
COMMIT;

/*!40101 SET CHARACTER_SET_CLIENT=@OLD_CHARACTER_SET_CLIENT */;
/*!40101 SET CHARACTER_SET_RESULTS=@OLD_CHARACTER_SET_RESULTS */;
/*!40101 SET COLLATION_CONNECTION=@OLD_COLLATION_CONNECTION */;
